,feature,importance
0,FLAG_EMP_PHONE,1.4
1,DEF_60_CNT_SOCIAL_CIRCLE,22.799999999999997
2,LIVE_REGION_NOT_WORK_REGION,0.6000000000000001
3,YEARS_BEGINEXPLUATATION_AVG,19.8
4,APARTMENTS_MODE,30.0
5,FLAG_MOBIL,0.0
6,FLOORSMIN_MEDI,5.200000000000001
7,BASEMENTAREA_AVG,21.8
8,LANDAREA_MODE,27.2
9,FLAG_DOCUMENT_21,0.0
10,AMT_GOODS_PRICE,144.2
11,COMMONAREA_MODE,22.200000000000003
12,APARTMENTS_MEDI,17.6
13,EXT_SOURCE_1,357.6
14,EXT_SOURCE_3,311.6
15,FLAG_DOCUMENT_16,13.0
16,LIVINGAPARTMENTS_MODE,20.8
17,ENTRANCES_MEDI,6.8
18,YEARS_BEGINEXPLUATATION_MODE,24.8
19,APARTMENTS_AVG,21.599999999999998
20,FLAG_DOCUMENT_12,0.0
21,FLAG_DOCUMENT_5,0.4
22,DAYS_LAST_PHONE_CHANGE,86.4
23,ELEVATORS_MODE,4.2
24,BASEMENTAREA_MODE,21.6
25,FLAG_DOCUMENT_13,7.8
26,FLAG_DOCUMENT_3,25.6
27,REGION_RATING_CLIENT,6.4
28,FLAG_DOCUMENT_6,0.8
29,AMT_REQ_CREDIT_BUREAU_DAY,1.4
30,COMMONAREA_AVG,16.0
31,DAYS_BIRTH,228.6
32,FLAG_DOCUMENT_14,2.0
33,FLOORSMAX_MEDI,4.8
34,OBS_30_CNT_SOCIAL_CIRCLE,9.4
35,YEARS_BEGINEXPLUATATION_MEDI,17.8
36,CNT_FAM_MEMBERS,6.2
37,FLOORSMAX_MODE,4.2
38,YEARS_BUILD_AVG,13.4
39,ENTRANCES_AVG,10.200000000000001
40,FLAG_DOCUMENT_10,0.0
41,ENTRANCES_MODE,6.2
42,DAYS_ID_PUBLISH,122.8
43,REGION_POPULATION_RELATIVE,72.80000000000001
44,FLAG_DOCUMENT_18,17.0
45,FLAG_DOCUMENT_7,0.0
46,FLAG_DOCUMENT_11,2.9999999999999996
47,OBS_60_CNT_SOCIAL_CIRCLE,10.8
48,FLAG_DOCUMENT_15,1.6
49,COMMONAREA_MEDI,14.8
50,FLAG_PHONE,7.6000000000000005
51,DAYS_REGISTRATION,92.6
52,REGION_RATING_CLIENT_W_CITY,29.200000000000003
53,NONLIVINGAREA_MEDI,17.0
54,YEARS_BUILD_MODE,13.6
55,AMT_CREDIT,204.4
56,LIVINGAPARTMENTS_MEDI,14.999999999999998
57,FLOORSMIN_MODE,6.199999999999999
58,EXT_SOURCE_2,307.0
59,HOUR_APPR_PROCESS_START,28.8
60,FLOORSMIN_AVG,11.400000000000002
61,YEARS_BUILD_MEDI,9.2
62,OWN_CAR_AGE,104.0
63,FLAG_CONT_MOBILE,0.0
64,FLAG_DOCUMENT_2,0.0
65,REG_REGION_NOT_LIVE_REGION,0.4
66,DEF_30_CNT_SOCIAL_CIRCLE,23.8
67,NONLIVINGAREA_MODE,21.4
68,REG_CITY_NOT_WORK_CITY,2.2
69,DAYS_EMPLOYED,150.20000000000002
70,LIVINGAREA_MEDI,18.4
71,FLAG_DOCUMENT_4,0.0
72,ELEVATORS_MEDI,3.4
73,FLAG_DOCUMENT_8,1.0
74,LIVINGAPARTMENTS_AVG,12.0
75,FLAG_DOCUMENT_9,0.2
76,LIVINGAREA_AVG,15.600000000000001
77,AMT_REQ_CREDIT_BUREAU_HOUR,0.4
78,FLAG_DOCUMENT_17,0.0
79,NONLIVINGAPARTMENTS_MEDI,4.8
80,CNT_CHILDREN,4.0
81,FLAG_WORK_PHONE,16.6
82,FLAG_DOCUMENT_19,0.0
83,REG_CITY_NOT_LIVE_CITY,17.0
84,NONLIVINGAPARTMENTS_AVG,8.600000000000001
85,AMT_INCOME_TOTAL,53.4
86,BASEMENTAREA_MEDI,14.599999999999998
87,AMT_REQ_CREDIT_BUREAU_QRT,21.2
88,LANDAREA_AVG,17.199999999999996
89,LANDAREA_MEDI,14.0
90,TOTALAREA_MODE,34.0
91,AMT_ANNUITY,195.20000000000002
92,NONLIVINGAREA_AVG,23.199999999999996
93,ELEVATORS_AVG,6.199999999999999
94,NONLIVINGAPARTMENTS_MODE,7.6
95,LIVINGAREA_MODE,25.400000000000002
96,FLAG_EMAIL,0.6000000000000001
97,FLOORSMAX_AVG,13.0
98,REG_REGION_NOT_WORK_REGION,0.8
99,LIVE_CITY_NOT_WORK_CITY,1.2000000000000002
100,AMT_REQ_CREDIT_BUREAU_WEEK,2.2
101,AMT_REQ_CREDIT_BUREAU_YEAR,13.600000000000001
102,AMT_REQ_CREDIT_BUREAU_MON,10.600000000000001
103,FLAG_DOCUMENT_20,0.2
104,MEAN(credit.AMT_PAYMENT_TOTAL_CURRENT),3.4000000000000004
105,MIN(credit.MONTHS_BALANCE),6.0
106,MAX(credit.AMT_RECEIVABLE_PRINCIPAL),2.2
107,SUM(credit.AMT_DRAWINGS_OTHER_CURRENT),0.8
108,MAX(bureau.AMT_ANNUITY),24.599999999999998
109,SUM(previous_app.DAYS_FIRST_DUE),20.0
110,SUM(bureau_balance.MONTHS_BALANCE),18.6
111,SUM(previous_app.DAYS_TERMINATION),22.0
112,COUNT(bureau),14.400000000000002
113,MAX(credit.SK_DPD_DEF),0.4
114,SUM(previous_app.AMT_DOWN_PAYMENT),55.599999999999994
115,MAX(bureau.DAYS_CREDIT_ENDDATE),121.8
116,SUM(bureau.DAYS_ENDDATE_FACT),28.6
117,MAX(previous_app.CNT_PAYMENT),32.800000000000004
118,MIN(bureau.AMT_CREDIT_SUM_OVERDUE),0.0
119,MAX(bureau.CREDIT_DAY_OVERDUE),0.6000000000000001
120,MEAN(credit.AMT_DRAWINGS_OTHER_CURRENT),1.0
121,MIN(credit.AMT_PAYMENT_TOTAL_CURRENT),0.8
122,MAX(credit.AMT_INST_MIN_REGULARITY),2.4
123,MAX(previous_app.AMT_GOODS_PRICE),25.2
124,MEAN(previous_app.AMT_ANNUITY),43.0
125,MAX(credit.AMT_PAYMENT_TOTAL_CURRENT),3.8
126,MAX(bureau.DAYS_CREDIT_UPDATE),56.8
127,SUM(bureau.AMT_CREDIT_SUM_LIMIT),18.400000000000002
128,SUM(previous_app.DAYS_FIRST_DRAWING),10.2
129,MAX(bureau.AMT_CREDIT_SUM),81.6
130,MEAN(bureau.AMT_CREDIT_SUM_DEBT),93.0
131,MIN(previous_app.DAYS_FIRST_DRAWING),1.8000000000000003
132,MAX(previous_app.DAYS_DECISION),41.6
133,MIN(previous_app.DAYS_FIRST_DUE),9.2
134,MAX(credit.SK_DPD),1.0
135,MEAN(previous_app.AMT_GOODS_PRICE),23.4
136,MIN(cash.SK_DPD_DEF),0.0
137,MIN(bureau.DAYS_ENDDATE_FACT),37.6
138,MEAN(cash.SK_ID_CURR),38.2
139,SUM(credit.AMT_BALANCE),2.6
140,MEAN(bureau.CREDIT_DAY_OVERDUE),1.2000000000000002
141,MEAN(installments.NUM_INSTALMENT_VERSION),28.799999999999997
142,MEAN(installments.NUM_INSTALMENT_NUMBER),14.200000000000001
143,MEAN(previous_app.RATE_DOWN_PAYMENT),34.8
144,MEAN(bureau.AMT_CREDIT_SUM_OVERDUE),6.4
145,SUM(bureau.CNT_CREDIT_PROLONG),0.0
146,MIN(previous_app.DAYS_DECISION),18.6
147,MIN(cash.SK_ID_CURR),0.0
148,SUM(credit.AMT_PAYMENT_CURRENT),4.800000000000001
149,MEAN(credit.AMT_BALANCE),5.0
150,MIN(bureau.CNT_CREDIT_PROLONG),0.0
151,MAX(credit.AMT_DRAWINGS_ATM_CURRENT),4.2
152,MIN(installments.AMT_INSTALMENT),37.8
153,MAX(credit.AMT_TOTAL_RECEIVABLE),1.8
154,SUM(cash.CNT_INSTALMENT),17.8
155,MAX(previous_app.RATE_INTEREST_PRIMARY),1.4
156,MEAN(bureau.DAYS_CREDIT_ENDDATE),49.8
157,MEAN(credit.SK_ID_CURR),12.8
158,MEAN(previous_app.DAYS_FIRST_DUE),17.0
159,COUNT(cash),16.800000000000004
160,MEAN(previous_app.DAYS_DECISION),38.400000000000006
161,MEAN(previous_app.DAYS_FIRST_DRAWING),2.8
162,MEAN(bureau.DAYS_ENDDATE_FACT),46.8
163,MAX(installments.AMT_PAYMENT),14.0
164,MAX(previous_app.AMT_ANNUITY),39.599999999999994
165,SUM(bureau.AMT_ANNUITY),10.8
166,MAX(previous_app.DAYS_FIRST_DRAWING),0.0
167,MAX(cash.CNT_INSTALMENT_FUTURE),2.6
168,MEAN(previous_app.NFLAG_LAST_APPL_IN_DAY),1.4000000000000001
169,MAX(previous_app.HOUR_APPR_PROCESS_START),23.200000000000003
170,MAX(previous_app.AMT_CREDIT),20.200000000000003
171,MEAN(previous_app.SELLERPLACE_AREA),55.6
172,MAX(previous_app.RATE_INTEREST_PRIVILEGED),0.2
173,MIN(previous_app.RATE_DOWN_PAYMENT),34.8
174,MIN(bureau.AMT_CREDIT_SUM),67.0
175,MAX(previous_app.DAYS_LAST_DUE),8.4
176,MIN(previous_app.AMT_CREDIT),21.0
177,MEAN(credit.AMT_DRAWINGS_ATM_CURRENT),5.6
178,MEAN(previous_app.AMT_APPLICATION),24.800000000000004
179,MAX(installments.DAYS_INSTALMENT),35.6
180,MEAN(previous_app.RATE_INTEREST_PRIVILEGED),0.2
181,MEAN(previous_app.HOUR_APPR_PROCESS_START),62.599999999999994
182,MAX(installments.AMT_INSTALMENT),17.2
183,SUM(bureau.AMT_CREDIT_MAX_OVERDUE),33.4
184,SUM(previous_app.RATE_INTEREST_PRIMARY),0.8
185,MEAN(bureau.DAYS_CREDIT_UPDATE),44.4
186,MAX(bureau.DAYS_CREDIT),138.79999999999998
187,SUM(credit.AMT_RECEIVABLE_PRINCIPAL),1.6
188,MAX(credit.AMT_BALANCE),2.8000000000000003
189,MAX(credit.AMT_DRAWINGS_OTHER_CURRENT),1.6
190,MIN(previous_app.CNT_PAYMENT),7.6
191,MIN(bureau.CREDIT_DAY_OVERDUE),0.0
192,MIN(cash.CNT_INSTALMENT_FUTURE),1.4
193,MIN(credit.AMT_RECIVABLE),3.9999999999999996
194,MEAN(credit.CNT_DRAWINGS_POS_CURRENT),3.8
195,SUM(credit.MONTHS_BALANCE),5.2
196,MAX(bureau.DAYS_ENDDATE_FACT),99.6
197,MIN(credit.CNT_DRAWINGS_ATM_CURRENT),0.0
198,MIN(credit.AMT_DRAWINGS_ATM_CURRENT),0.0
199,COUNT(previous_app),2.2
200,MIN(credit.SK_ID_CURR),0.0
201,SUM(previous_app.DAYS_LAST_DUE_1ST_VERSION),28.4
202,SUM(bureau.DAYS_CREDIT),41.6
203,MEAN(credit.CNT_DRAWINGS_OTHER_CURRENT),1.2000000000000002
204,MIN(installments.DAYS_INSTALMENT),8.399999999999999
205,MIN(credit.SK_DPD_DEF),0.0
206,MAX(credit.CNT_DRAWINGS_OTHER_CURRENT),0.0
207,SUM(credit.CNT_DRAWINGS_POS_CURRENT),3.4000000000000004
208,MAX(credit.CNT_DRAWINGS_CURRENT),8.6
209,SUM(bureau.DAYS_CREDIT_UPDATE),29.199999999999996
210,MIN(bureau.DAYS_CREDIT_UPDATE),32.0
211,MAX(credit.AMT_DRAWINGS_POS_CURRENT),5.199999999999999
212,MIN(previous_app.AMT_DOWN_PAYMENT),18.4
213,SUM(credit.SK_DPD_DEF),0.2
214,SUM(installments.AMT_INSTALMENT),18.2
215,SUM(previous_app.RATE_INTEREST_PRIVILEGED),0.2
216,MIN(credit.AMT_TOTAL_RECEIVABLE),0.0
217,SUM(previous_app.DAYS_DECISION),26.6
218,MAX(cash.CNT_INSTALMENT),3.4000000000000004
219,MAX(bureau.CNT_CREDIT_PROLONG),2.5999999999999996
220,MEAN(credit.AMT_PAYMENT_CURRENT),6.4
221,SUM(installments.AMT_PAYMENT),38.4
222,MEAN(credit.SK_DPD_DEF),4.2
223,MIN(previous_app.AMT_APPLICATION),19.0
224,MEAN(credit.CNT_INSTALMENT_MATURE_CUM),2.6
225,MEAN(installments.AMT_INSTALMENT),20.2
226,SUM(previous_app.AMT_CREDIT),22.0
227,MEAN(credit.CNT_DRAWINGS_ATM_CURRENT),19.799999999999997
228,SUM(bureau.AMT_CREDIT_SUM_DEBT),47.8
229,MIN(credit.AMT_BALANCE),2.8
230,MEAN(bureau.AMT_ANNUITY),20.400000000000002
231,MEAN(bureau.AMT_CREDIT_MAX_OVERDUE),58.2
232,SUM(credit.AMT_DRAWINGS_CURRENT),2.8000000000000003
233,SUM(bureau.DAYS_CREDIT_ENDDATE),62.8
234,MEAN(bureau.AMT_CREDIT_SUM),67.2
235,MAX(installments.DAYS_ENTRY_PAYMENT),69.8
236,MIN(bureau.AMT_CREDIT_SUM_DEBT),27.200000000000003
237,MAX(installments.NUM_INSTALMENT_NUMBER),21.799999999999997
238,MIN(credit.AMT_DRAWINGS_POS_CURRENT),0.2
239,COUNT(credit),1.2000000000000002
240,MIN(bureau.AMT_CREDIT_MAX_OVERDUE),13.0
241,MAX(credit.CNT_DRAWINGS_POS_CURRENT),2.2
242,SUM(previous_app.AMT_APPLICATION),13.4
243,MIN(previous_app.AMT_GOODS_PRICE),43.599999999999994
244,MIN(previous_app.DAYS_LAST_DUE_1ST_VERSION),15.799999999999997
245,SUM(credit.AMT_DRAWINGS_POS_CURRENT),4.6
246,MAX(cash.MONTHS_BALANCE),32.2
247,MAX(credit.CNT_DRAWINGS_ATM_CURRENT),4.6000000000000005
248,MAX(previous_app.RATE_DOWN_PAYMENT),52.199999999999996
249,SUM(previous_app.RATE_DOWN_PAYMENT),36.0
250,MAX(credit.SK_ID_CURR),0.0
251,SUM(installments.SK_ID_CURR),22.2
252,MIN(previous_app.DAYS_LAST_DUE),12.799999999999999
253,MEAN(installments.SK_ID_CURR),21.400000000000002
254,MIN(bureau.AMT_ANNUITY),16.200000000000003
255,MIN(previous_app.RATE_INTEREST_PRIMARY),1.6
256,MAX(previous_app.DAYS_LAST_DUE_1ST_VERSION),24.400000000000002
257,MEAN(credit.AMT_RECEIVABLE_PRINCIPAL),6.0
258,MIN(previous_app.RATE_INTEREST_PRIVILEGED),0.2
259,MEAN(bureau.DAYS_CREDIT),70.6
260,MIN(installments.NUM_INSTALMENT_VERSION),0.0
261,MEAN(installments.DAYS_ENTRY_PAYMENT),18.6
262,MEAN(credit.AMT_DRAWINGS_CURRENT),3.2
263,SUM(previous_app.NFLAG_LAST_APPL_IN_DAY),0.6000000000000001
264,SUM(credit.SK_DPD),2.6
265,MAX(credit.AMT_DRAWINGS_CURRENT),3.4000000000000004
266,MAX(previous_app.NFLAG_LAST_APPL_IN_DAY),0.0
267,SUM(credit.AMT_CREDIT_LIMIT_ACTUAL),10.399999999999999
268,MIN(bureau.AMT_CREDIT_SUM_LIMIT),7.800000000000001
269,MEAN(bureau.CNT_CREDIT_PROLONG),6.4
270,MEAN(previous_app.DAYS_LAST_DUE_1ST_VERSION),21.8
271,SUM(installments.NUM_INSTALMENT_VERSION),21.6
272,MIN(credit.AMT_CREDIT_LIMIT_ACTUAL),4.6
273,MEAN(cash.SK_DPD_DEF),16.8
274,SUM(credit.AMT_INST_MIN_REGULARITY),3.0000000000000004
275,MEAN(cash.MONTHS_BALANCE),17.0
276,MEAN(previous_app.RATE_INTEREST_PRIMARY),0.6000000000000001
277,MIN(credit.AMT_PAYMENT_CURRENT),5.0
278,MEAN(bureau_balance.MONTHS_BALANCE),18.0
279,MIN(cash.MONTHS_BALANCE),5.6000000000000005
280,MIN(cash.SK_DPD),0.0
281,MEAN(credit.AMT_DRAWINGS_POS_CURRENT),4.199999999999999
282,MEAN(credit.MONTHS_BALANCE),2.8
283,MEAN(credit.SK_DPD),3.9999999999999996
284,MAX(bureau.AMT_CREDIT_SUM_LIMIT),20.799999999999997
285,MIN(installments.DAYS_ENTRY_PAYMENT),10.600000000000001
286,MAX(installments.NUM_INSTALMENT_VERSION),7.4
287,MIN(bureau.DAYS_CREDIT),37.400000000000006
288,MIN(installments.SK_ID_CURR),0.0
289,SUM(installments.DAYS_INSTALMENT),10.2
290,SUM(installments.DAYS_ENTRY_PAYMENT),8.8
291,MEAN(previous_app.CNT_PAYMENT),55.60000000000001
292,SUM(cash.SK_DPD),3.8
293,SUM(bureau.CREDIT_DAY_OVERDUE),1.5999999999999999
294,MIN(credit.AMT_DRAWINGS_OTHER_CURRENT),0.0
295,MAX(credit.AMT_CREDIT_LIMIT_ACTUAL),3.4
296,SUM(credit.CNT_DRAWINGS_OTHER_CURRENT),0.4
297,MAX(bureau_balance.MONTHS_BALANCE),2.0
298,MEAN(previous_app.AMT_CREDIT),26.0
299,MEAN(cash.CNT_INSTALMENT),17.6
300,MIN(credit.SK_DPD),0.0
301,MAX(bureau.AMT_CREDIT_SUM_DEBT),42.0
302,SUM(cash.MONTHS_BALANCE),18.6
303,MIN(previous_app.HOUR_APPR_PROCESS_START),17.6
304,MIN(credit.CNT_DRAWINGS_OTHER_CURRENT),0.0
305,SUM(credit.CNT_INSTALMENT_MATURE_CUM),3.4000000000000004
306,SUM(previous_app.AMT_ANNUITY),23.0
307,COUNT(bureau_balance),14.0
308,MAX(credit.AMT_PAYMENT_CURRENT),5.6
309,MAX(previous_app.DAYS_FIRST_DUE),14.799999999999999
310,MEAN(credit.AMT_CREDIT_LIMIT_ACTUAL),9.0
311,SUM(credit.CNT_DRAWINGS_CURRENT),6.199999999999999
312,MIN(credit.AMT_INST_MIN_REGULARITY),1.4
313,MIN(previous_app.SELLERPLACE_AREA),25.200000000000003
314,MEAN(credit.AMT_INST_MIN_REGULARITY),2.6
315,SUM(cash.SK_DPD_DEF),3.3999999999999995
316,MEAN(cash.SK_DPD),7.0
317,MAX(installments.SK_ID_CURR),0.0
318,MIN(previous_app.NFLAG_LAST_APPL_IN_DAY),0.0
319,MAX(cash.SK_ID_CURR),0.0
320,SUM(credit.AMT_DRAWINGS_ATM_CURRENT),3.0
321,MAX(credit.AMT_RECIVABLE),0.4
322,MEAN(installments.DAYS_INSTALMENT),15.600000000000001
323,MEAN(installments.AMT_PAYMENT),28.200000000000003
324,MAX(credit.MONTHS_BALANCE),1.2000000000000002
325,MAX(bureau.AMT_CREDIT_SUM_OVERDUE),14.2
326,MAX(previous_app.AMT_APPLICATION),3.4000000000000004
327,MEAN(previous_app.DAYS_TERMINATION),20.200000000000003
328,SUM(previous_app.DAYS_LAST_DUE),20.6
329,MEAN(credit.AMT_TOTAL_RECEIVABLE),3.8000000000000003
330,MAX(previous_app.AMT_DOWN_PAYMENT),44.4
331,MIN(previous_app.AMT_ANNUITY),39.8
332,MAX(previous_app.NFLAG_INSURED_ON_APPROVAL),0.4
333,SUM(previous_app.NFLAG_INSURED_ON_APPROVAL),3.0
334,MAX(cash.SK_DPD),4.4
335,MIN(bureau_balance.MONTHS_BALANCE),10.200000000000001
336,MEAN(previous_app.NFLAG_INSURED_ON_APPROVAL),24.0
337,SUM(bureau.AMT_CREDIT_SUM_OVERDUE),3.2
338,SUM(previous_app.SELLERPLACE_AREA),36.6
339,MAX(previous_app.DAYS_TERMINATION),5.6
340,MAX(cash.SK_DPD_DEF),5.6000000000000005
341,MIN(credit.CNT_DRAWINGS_CURRENT),0.4
342,SUM(previous_app.CNT_PAYMENT),36.0
343,SUM(credit.CNT_DRAWINGS_ATM_CURRENT),5.6
344,MIN(bureau.DAYS_CREDIT_ENDDATE),38.0
345,SUM(credit.AMT_PAYMENT_TOTAL_CURRENT),3.0
346,SUM(credit.SK_ID_CURR),5.0
347,MEAN(previous_app.AMT_DOWN_PAYMENT),38.4
348,MEAN(bureau.AMT_CREDIT_SUM_LIMIT),37.2
349,SUM(bureau.AMT_CREDIT_SUM),61.0
350,MAX(previous_app.SELLERPLACE_AREA),40.2
351,MIN(installments.AMT_PAYMENT),98.0
352,SUM(previous_app.AMT_GOODS_PRICE),0.6000000000000001
353,MIN(previous_app.NFLAG_INSURED_ON_APPROVAL),0.0
354,MEAN(credit.AMT_RECIVABLE),0.4
355,SUM(previous_app.HOUR_APPR_PROCESS_START),24.6
356,MAX(bureau.AMT_CREDIT_MAX_OVERDUE),35.2
357,MIN(cash.CNT_INSTALMENT),10.6
358,MIN(previous_app.DAYS_TERMINATION),8.0
359,MAX(credit.CNT_INSTALMENT_MATURE_CUM),3.0
360,MEAN(previous_app.DAYS_LAST_DUE),17.799999999999997
361,SUM(cash.SK_ID_CURR),26.200000000000003
362,COUNT(installments),12.8
363,MEAN(cash.CNT_INSTALMENT_FUTURE),39.0
364,SUM(credit.AMT_RECIVABLE),0.4
365,SUM(cash.CNT_INSTALMENT_FUTURE),16.0
366,MIN(credit.CNT_DRAWINGS_POS_CURRENT),0.4
367,MIN(credit.CNT_INSTALMENT_MATURE_CUM),0.0
368,MIN(credit.AMT_DRAWINGS_CURRENT),0.2
369,MEAN(credit.CNT_DRAWINGS_CURRENT),10.200000000000001
370,MIN(installments.NUM_INSTALMENT_NUMBER),0.0
371,SUM(installments.NUM_INSTALMENT_NUMBER),12.2
372,MIN(credit.AMT_RECEIVABLE_PRINCIPAL),2.2
373,SUM(credit.AMT_TOTAL_RECEIVABLE),0.4
374,MAX(previous_app.MEAN(installments.NUM_INSTALMENT_NUMBER)),8.2
375,MEAN(previous_app.MIN(credit.AMT_TOTAL_RECEIVABLE)),1.0
376,MEAN(previous_app.MIN(credit.SK_DPD)),0.0
377,MAX(previous_app.SUM(installments.AMT_PAYMENT)),34.6
378,MIN(previous_app.SUM(cash.SK_DPD_DEF)),0.8
379,MIN(previous_app.MAX(credit.SK_ID_CURR)),0.0
380,SUM(previous_app.MAX(credit.AMT_DRAWINGS_POS_CURRENT)),0.6000000000000001
381,SUM(previous_app.MAX(credit.CNT_DRAWINGS_OTHER_CURRENT)),0.0
382,MAX(previous_app.MEAN(cash.MONTHS_BALANCE)),18.799999999999997
383,MAX(previous_app.MEAN(credit.AMT_DRAWINGS_POS_CURRENT)),2.2
384,MEAN(previous_app.MAX(installments.NUM_INSTALMENT_VERSION)),17.6
385,SUM(previous_app.MEAN(installments.SK_ID_CURR)),20.0
386,MIN(previous_app.SUM(cash.SK_ID_CURR)),29.2
387,MAX(previous_app.SUM(credit.AMT_DRAWINGS_ATM_CURRENT)),0.4
388,SUM(previous_app.MAX(installments.NUM_INSTALMENT_NUMBER)),12.600000000000001
389,SUM(previous_app.MIN(credit.SK_DPD)),0.0
390,MAX(previous_app.SUM(installments.NUM_INSTALMENT_VERSION)),22.799999999999997
391,MIN(previous_app.SUM(installments.DAYS_INSTALMENT)),17.0
392,MIN(previous_app.SUM(credit.SK_ID_CURR)),7.8
393,SUM(previous_app.MEAN(credit.CNT_DRAWINGS_ATM_CURRENT)),18.0
394,SUM(previous_app.MAX(credit.AMT_PAYMENT_TOTAL_CURRENT)),0.6000000000000001
395,MEAN(previous_app.MEAN(credit.CNT_DRAWINGS_OTHER_CURRENT)),0.2
396,MEAN(previous_app.MEAN(cash.SK_DPD)),7.6
397,SUM(bureau.MEAN(bureau_balance.MONTHS_BALANCE)),10.4
398,MEAN(bureau.SUM(bureau_balance.MONTHS_BALANCE)),14.4
399,MIN(previous_app.COUNT(installments)),9.600000000000001
400,MAX(previous_app.SUM(installments.DAYS_INSTALMENT)),18.0
401,MEAN(previous_app.SUM(credit.AMT_TOTAL_RECEIVABLE)),1.8
402,MEAN(previous_app.MAX(installments.SK_ID_CURR)),0.0
403,MEAN(previous_app.MIN(installments.SK_ID_CURR)),0.0
404,MAX(previous_app.MIN(credit.AMT_PAYMENT_CURRENT)),2.0
405,MEAN(previous_app.MEAN(credit.AMT_BALANCE)),2.6
406,MEAN(previous_app.MAX(cash.SK_DPD)),7.4
407,MAX(previous_app.MIN(credit.AMT_RECIVABLE)),2.0
408,SUM(previous_app.MEAN(credit.AMT_BALANCE)),2.6
409,MEAN(previous_app.SUM(installments.DAYS_ENTRY_PAYMENT)),15.8
410,SUM(bureau.MIN(bureau_balance.MONTHS_BALANCE)),8.6
411,MIN(previous_app.SUM(installments.AMT_INSTALMENT)),27.0
412,MIN(bureau.MEAN(bureau_balance.MONTHS_BALANCE)),14.6
413,MAX(previous_app.MEAN(cash.CNT_INSTALMENT_FUTURE)),53.8
414,MEAN(previous_app.MAX(credit.AMT_RECEIVABLE_PRINCIPAL)),1.2000000000000002
415,MEAN(previous_app.MIN(cash.MONTHS_BALANCE)),11.2
416,MIN(previous_app.SUM(credit.AMT_TOTAL_RECEIVABLE)),0.8
417,MAX(previous_app.MIN(cash.SK_ID_CURR)),0.0
418,MEAN(previous_app.MIN(credit.SK_DPD_DEF)),0.0
419,MEAN(previous_app.MEAN(credit.AMT_RECIVABLE)),0.8
420,MAX(previous_app.SUM(cash.CNT_INSTALMENT_FUTURE)),11.0
421,MEAN(previous_app.MEAN(credit.AMT_CREDIT_LIMIT_ACTUAL)),10.0
422,MIN(previous_app.MEAN(credit.AMT_PAYMENT_CURRENT)),2.6
423,MEAN(previous_app.MEAN(credit.AMT_PAYMENT_TOTAL_CURRENT)),2.4
424,MAX(previous_app.MEAN(credit.AMT_TOTAL_RECEIVABLE)),1.6
425,SUM(previous_app.MIN(credit.SK_ID_CURR)),5.199999999999999
426,MAX(previous_app.COUNT(installments)),5.799999999999999
427,SUM(previous_app.MAX(credit.CNT_DRAWINGS_ATM_CURRENT)),1.0
428,MIN(previous_app.SUM(cash.CNT_INSTALMENT)),14.999999999999998
429,SUM(previous_app.MIN(credit.MONTHS_BALANCE)),0.6000000000000001
430,MIN(previous_app.MAX(credit.AMT_CREDIT_LIMIT_ACTUAL)),1.8
431,SUM(previous_app.MEAN(installments.NUM_INSTALMENT_NUMBER)),10.8
432,SUM(previous_app.MAX(credit.AMT_INST_MIN_REGULARITY)),1.2000000000000002
433,SUM(previous_app.MIN(credit.AMT_DRAWINGS_ATM_CURRENT)),0.0
434,MAX(previous_app.MIN(credit.CNT_DRAWINGS_CURRENT)),0.0
435,MIN(previous_app.MEAN(credit.AMT_DRAWINGS_OTHER_CURRENT)),0.2
436,SUM(previous_app.MIN(cash.CNT_INSTALMENT)),15.200000000000001
437,MEAN(previous_app.SUM(credit.AMT_DRAWINGS_OTHER_CURRENT)),0.2
438,MEAN(previous_app.MAX(credit.CNT_DRAWINGS_OTHER_CURRENT)),0.0
439,MIN(previous_app.SUM(cash.SK_DPD)),0.8
440,SUM(previous_app.MIN(cash.CNT_INSTALMENT_FUTURE)),38.0
441,MEAN(previous_app.MAX(credit.AMT_INST_MIN_REGULARITY)),1.0
442,MEAN(previous_app.MAX(installments.AMT_PAYMENT)),17.799999999999997
443,MEAN(previous_app.SUM(credit.CNT_DRAWINGS_ATM_CURRENT)),2.5999999999999996
444,MAX(previous_app.MIN(credit.AMT_TOTAL_RECEIVABLE)),0.0
445,MAX(previous_app.MIN(credit.CNT_DRAWINGS_POS_CURRENT)),0.6000000000000001
446,SUM(previous_app.MAX(credit.AMT_DRAWINGS_ATM_CURRENT)),0.2
447,SUM(previous_app.MEAN(credit.AMT_TOTAL_RECEIVABLE)),1.6
448,MIN(previous_app.MAX(credit.CNT_DRAWINGS_ATM_CURRENT)),1.6
449,MEAN(previous_app.MAX(credit.SK_DPD)),0.2
450,MIN(previous_app.MAX(installments.NUM_INSTALMENT_NUMBER)),3.4
451,MIN(previous_app.MAX(credit.AMT_DRAWINGS_CURRENT)),1.8000000000000003
452,SUM(previous_app.MEAN(installments.NUM_INSTALMENT_VERSION)),26.0
453,MEAN(previous_app.MIN(credit.AMT_DRAWINGS_ATM_CURRENT)),0.0
454,MAX(previous_app.SUM(credit.AMT_TOTAL_RECEIVABLE)),0.4
455,MIN(previous_app.MEAN(credit.CNT_DRAWINGS_OTHER_CURRENT)),0.0
456,SUM(previous_app.MEAN(credit.AMT_DRAWINGS_OTHER_CURRENT)),0.0
457,MIN(previous_app.MEAN(credit.AMT_TOTAL_RECEIVABLE)),1.0
458,MEAN(previous_app.MEAN(credit.AMT_TOTAL_RECEIVABLE)),0.0
459,MEAN(previous_app.MAX(cash.SK_ID_CURR)),0.0
460,SUM(previous_app.MAX(credit.CNT_INSTALMENT_MATURE_CUM)),0.4
461,MAX(previous_app.MEAN(credit.CNT_DRAWINGS_ATM_CURRENT)),9.2
462,MAX(previous_app.MIN(cash.SK_DPD)),0.0
463,SUM(previous_app.MEAN(credit.AMT_RECEIVABLE_PRINCIPAL)),2.0
464,MIN(previous_app.MAX(cash.CNT_INSTALMENT)),3.0000000000000004
465,MEAN(previous_app.MEAN(credit.AMT_DRAWINGS_ATM_CURRENT)),1.2000000000000002
466,MIN(previous_app.SUM(credit.AMT_PAYMENT_TOTAL_CURRENT)),1.8
467,MEAN(previous_app.MEAN(credit.AMT_DRAWINGS_CURRENT)),2.2
468,SUM(previous_app.MEAN(credit.AMT_DRAWINGS_POS_CURRENT)),1.4
469,MIN(previous_app.MAX(credit.AMT_RECIVABLE)),2.4
470,MIN(previous_app.MAX(cash.CNT_INSTALMENT_FUTURE)),2.5999999999999996
471,MAX(previous_app.MEAN(credit.AMT_DRAWINGS_CURRENT)),2.2
472,SUM(previous_app.MAX(installments.AMT_PAYMENT)),15.2
473,SUM(previous_app.MIN(credit.AMT_PAYMENT_TOTAL_CURRENT)),1.5999999999999999
474,MEAN(previous_app.SUM(installments.NUM_INSTALMENT_VERSION)),36.2
475,MEAN(previous_app.MAX(credit.AMT_DRAWINGS_ATM_CURRENT)),0.6000000000000001
476,MIN(previous_app.MEAN(credit.AMT_DRAWINGS_POS_CURRENT)),1.2
477,MEAN(previous_app.MEAN(cash.SK_DPD_DEF)),9.8
478,MEAN(previous_app.SUM(installments.NUM_INSTALMENT_NUMBER)),14.8
479,MAX(previous_app.MIN(cash.MONTHS_BALANCE)),12.2
480,SUM(previous_app.MEAN(cash.CNT_INSTALMENT_FUTURE)),26.2
481,MIN(previous_app.SUM(cash.CNT_INSTALMENT_FUTURE)),13.2
482,SUM(previous_app.MIN(credit.AMT_PAYMENT_CURRENT)),0.0
483,MAX(previous_app.MIN(credit.MONTHS_BALANCE)),1.6
484,MAX(previous_app.MIN(credit.AMT_DRAWINGS_ATM_CURRENT)),0.0
485,MAX(previous_app.MIN(installments.SK_ID_CURR)),0.0
486,MIN(previous_app.MAX(credit.AMT_DRAWINGS_POS_CURRENT)),3.6000000000000005
487,MIN(previous_app.MEAN(credit.AMT_RECEIVABLE_PRINCIPAL)),3.1999999999999997
488,MEAN(previous_app.SUM(credit.AMT_DRAWINGS_POS_CURRENT)),3.0
489,MEAN(previous_app.SUM(cash.MONTHS_BALANCE)),26.2
490,MAX(previous_app.SUM(credit.AMT_DRAWINGS_CURRENT)),0.0
491,MIN(previous_app.SUM(credit.AMT_BALANCE)),1.0
492,MIN(previous_app.SUM(credit.AMT_RECEIVABLE_PRINCIPAL)),0.4
493,MIN(previous_app.MEAN(installments.NUM_INSTALMENT_NUMBER)),10.2
494,SUM(previous_app.MIN(credit.AMT_DRAWINGS_OTHER_CURRENT)),0.0
495,MIN(previous_app.MAX(cash.MONTHS_BALANCE)),5.6
496,MAX(previous_app.MIN(credit.AMT_CREDIT_LIMIT_ACTUAL)),3.2
497,SUM(previous_app.MAX(installments.AMT_INSTALMENT)),12.0
498,MAX(previous_app.MIN(installments.NUM_INSTALMENT_NUMBER)),0.0
499,MAX(previous_app.MIN(credit.SK_DPD)),0.0
500,MAX(previous_app.SUM(installments.DAYS_ENTRY_PAYMENT)),21.599999999999998
501,MIN(previous_app.MEAN(cash.MONTHS_BALANCE)),10.2
502,MAX(previous_app.SUM(credit.SK_DPD)),0.0
503,MAX(previous_app.MIN(installments.NUM_INSTALMENT_VERSION)),0.6000000000000001
504,MAX(previous_app.MEAN(cash.SK_ID_CURR)),0.0
505,SUM(previous_app.MEAN(credit.CNT_DRAWINGS_CURRENT)),5.800000000000001
506,MEAN(previous_app.MAX(installments.DAYS_ENTRY_PAYMENT)),13.0
507,MEAN(previous_app.MEAN(cash.SK_ID_CURR)),0.0
508,MEAN(previous_app.MAX(credit.AMT_BALANCE)),2.6
509,MAX(previous_app.SUM(credit.AMT_PAYMENT_CURRENT)),0.8
510,MIN(previous_app.MEAN(credit.SK_ID_CURR)),0.0
511,MEAN(previous_app.MIN(installments.NUM_INSTALMENT_VERSION)),7.6
512,MAX(previous_app.MIN(installments.DAYS_ENTRY_PAYMENT)),14.6
513,MAX(previous_app.MEAN(cash.CNT_INSTALMENT)),6.6
514,MIN(previous_app.MEAN(installments.NUM_INSTALMENT_VERSION)),7.4
515,MAX(previous_app.MIN(cash.CNT_INSTALMENT)),5.4
516,MEAN(previous_app.MEAN(installments.NUM_INSTALMENT_NUMBER)),15.0
517,MEAN(previous_app.MEAN(credit.SK_DPD)),0.4
518,SUM(previous_app.MIN(installments.AMT_PAYMENT)),101.80000000000001
519,MAX(previous_app.SUM(credit.MONTHS_BALANCE)),4.4
520,SUM(previous_app.MAX(cash.SK_ID_CURR)),21.0
521,MEAN(previous_app.MEAN(cash.MONTHS_BALANCE)),9.6
522,SUM(previous_app.MAX(cash.CNT_INSTALMENT_FUTURE)),6.6000000000000005
523,MIN(previous_app.MAX(credit.AMT_PAYMENT_TOTAL_CURRENT)),2.0
524,SUM(previous_app.MEAN(installments.DAYS_INSTALMENT)),6.199999999999999
525,SUM(previous_app.MAX(credit.AMT_RECIVABLE)),1.4
526,MIN(previous_app.MEAN(credit.CNT_INSTALMENT_MATURE_CUM)),1.4
527,MIN(previous_app.COUNT(cash)),6.199999999999999
528,MIN(previous_app.MAX(installments.DAYS_ENTRY_PAYMENT)),9.600000000000001
529,MEAN(previous_app.MIN(installments.AMT_INSTALMENT)),26.2
530,MAX(previous_app.SUM(credit.AMT_DRAWINGS_OTHER_CURRENT)),0.0
531,MAX(previous_app.MEAN(installments.AMT_INSTALMENT)),17.6
532,MIN(previous_app.MAX(credit.SK_DPD)),1.2000000000000002
533,MAX(previous_app.SUM(credit.CNT_DRAWINGS_ATM_CURRENT)),0.8
534,MEAN(previous_app.SUM(cash.CNT_INSTALMENT)),22.2
535,MIN(bureau.COUNT(bureau_balance)),16.2
536,SUM(previous_app.MEAN(credit.SK_DPD_DEF)),0.8
537,MEAN(previous_app.SUM(credit.AMT_CREDIT_LIMIT_ACTUAL)),4.0
538,SUM(previous_app.MAX(installments.DAYS_ENTRY_PAYMENT)),6.4
539,MEAN(previous_app.MEAN(credit.SK_ID_CURR)),0.0
540,SUM(previous_app.MIN(credit.AMT_RECEIVABLE_PRINCIPAL)),1.0
541,MEAN(previous_app.MEAN(installments.AMT_PAYMENT)),14.6
542,MAX(previous_app.MEAN(credit.CNT_DRAWINGS_CURRENT)),5.8
543,MEAN(previous_app.MIN(credit.CNT_INSTALMENT_MATURE_CUM)),0.0
544,MAX(previous_app.MIN(credit.SK_DPD_DEF)),0.0
545,MIN(previous_app.SUM(credit.AMT_DRAWINGS_OTHER_CURRENT)),0.0
546,MEAN(previous_app.SUM(credit.AMT_INST_MIN_REGULARITY)),0.6000000000000001
547,MIN(previous_app.MAX(credit.CNT_DRAWINGS_OTHER_CURRENT)),0.0
548,SUM(previous_app.MIN(credit.CNT_DRAWINGS_POS_CURRENT)),0.0
549,MEAN(previous_app.MIN(credit.CNT_DRAWINGS_CURRENT)),0.0
550,MEAN(previous_app.MIN(installments.DAYS_INSTALMENT)),8.2
551,MAX(previous_app.MEAN(installments.DAYS_INSTALMENT)),17.2
552,MIN(previous_app.SUM(credit.CNT_INSTALMENT_MATURE_CUM)),1.6
553,MIN(previous_app.SUM(credit.CNT_DRAWINGS_CURRENT)),1.7999999999999998
554,MEAN(previous_app.MAX(credit.AMT_DRAWINGS_POS_CURRENT)),1.0
555,SUM(previous_app.MIN(installments.NUM_INSTALMENT_NUMBER)),0.8
556,MEAN(previous_app.MIN(credit.AMT_RECEIVABLE_PRINCIPAL)),0.4
557,MIN(previous_app.MEAN(installments.DAYS_INSTALMENT)),5.4
558,MIN(previous_app.MEAN(credit.AMT_DRAWINGS_ATM_CURRENT)),2.0
559,MEAN(previous_app.SUM(credit.AMT_DRAWINGS_ATM_CURRENT)),1.0
560,MEAN(previous_app.MEAN(credit.CNT_INSTALMENT_MATURE_CUM)),0.2
561,MIN(previous_app.MAX(credit.AMT_TOTAL_RECEIVABLE)),0.8
562,MEAN(previous_app.MAX(installments.NUM_INSTALMENT_NUMBER)),15.2
563,MIN(previous_app.SUM(credit.SK_DPD_DEF)),0.2
564,MAX(previous_app.MIN(credit.SK_ID_CURR)),0.0
565,SUM(previous_app.MIN(credit.AMT_INST_MIN_REGULARITY)),0.0
566,MEAN(previous_app.MAX(credit.AMT_RECIVABLE)),1.6
567,MEAN(previous_app.SUM(credit.SK_ID_CURR)),2.4
568,MIN(bureau.MAX(bureau_balance.MONTHS_BALANCE)),12.8
569,MEAN(previous_app.MEAN(installments.SK_ID_CURR)),0.0
570,MEAN(previous_app.SUM(credit.CNT_DRAWINGS_POS_CURRENT)),0.4
571,SUM(previous_app.MAX(cash.SK_DPD_DEF)),4.800000000000001
572,MEAN(previous_app.MEAN(credit.AMT_RECEIVABLE_PRINCIPAL)),3.2
573,MIN(previous_app.SUM(installments.AMT_PAYMENT)),20.8
574,MEAN(previous_app.SUM(credit.CNT_DRAWINGS_CURRENT)),1.4
575,MIN(previous_app.MEAN(credit.AMT_INST_MIN_REGULARITY)),1.8000000000000003
576,MEAN(previous_app.MIN(installments.NUM_INSTALMENT_NUMBER)),0.0
577,MAX(previous_app.MIN(credit.AMT_BALANCE)),2.4000000000000004
578,MIN(previous_app.SUM(credit.MONTHS_BALANCE)),0.4
579,MEAN(previous_app.SUM(credit.CNT_INSTALMENT_MATURE_CUM)),0.4
580,MEAN(previous_app.MAX(installments.DAYS_INSTALMENT)),12.799999999999999
581,MIN(previous_app.SUM(credit.AMT_DRAWINGS_POS_CURRENT)),3.0000000000000004
582,SUM(previous_app.MIN(cash.MONTHS_BALANCE)),8.200000000000001
583,MIN(bureau.SUM(bureau_balance.MONTHS_BALANCE)),16.599999999999998
584,MIN(previous_app.MAX(credit.AMT_BALANCE)),1.4000000000000001
585,MAX(previous_app.MEAN(cash.SK_DPD)),8.0
586,SUM(previous_app.MAX(installments.NUM_INSTALMENT_VERSION)),8.2
587,MAX(previous_app.SUM(credit.AMT_BALANCE)),0.0
588,MIN(previous_app.COUNT(credit)),0.0
589,MIN(previous_app.SUM(installments.DAYS_ENTRY_PAYMENT)),14.4
590,MEAN(previous_app.MIN(credit.CNT_DRAWINGS_ATM_CURRENT)),0.0
591,MEAN(previous_app.SUM(credit.AMT_RECEIVABLE_PRINCIPAL)),1.6
592,MAX(previous_app.MIN(credit.AMT_DRAWINGS_CURRENT)),1.6
593,SUM(previous_app.MEAN(installments.AMT_INSTALMENT)),12.0
594,SUM(previous_app.MIN(credit.CNT_DRAWINGS_ATM_CURRENT)),0.0
595,MAX(bureau.MIN(bureau_balance.MONTHS_BALANCE)),8.8
596,MAX(previous_app.SUM(cash.SK_DPD_DEF)),6.199999999999999
597,MAX(previous_app.SUM(credit.AMT_INST_MIN_REGULARITY)),0.4
598,SUM(previous_app.MEAN(credit.SK_ID_CURR)),0.0
599,SUM(previous_app.MEAN(credit.AMT_RECIVABLE)),0.0
600,MEAN(previous_app.MAX(credit.MONTHS_BALANCE)),0.0
601,MEAN(previous_app.MAX(credit.CNT_DRAWINGS_POS_CURRENT)),0.6000000000000001
602,MEAN(previous_app.MEAN(credit.CNT_DRAWINGS_POS_CURRENT)),0.6000000000000001
603,MEAN(previous_app.MAX(credit.CNT_INSTALMENT_MATURE_CUM)),0.6000000000000001
604,MEAN(previous_app.MAX(credit.AMT_CREDIT_LIMIT_ACTUAL)),0.8
605,MEAN(previous_app.MAX(cash.SK_DPD_DEF)),18.6
606,MEAN(previous_app.MIN(credit.CNT_DRAWINGS_POS_CURRENT)),0.0
607,SUM(previous_app.MAX(credit.CNT_DRAWINGS_CURRENT)),7.6
608,MAX(previous_app.MIN(installments.AMT_INSTALMENT)),26.400000000000002
609,MEAN(previous_app.MIN(credit.AMT_DRAWINGS_POS_CURRENT)),0.4
610,MEAN(previous_app.SUM(credit.AMT_BALANCE)),1.0
611,MAX(previous_app.MEAN(credit.AMT_INST_MIN_REGULARITY)),1.6
612,SUM(previous_app.MAX(installments.SK_ID_CURR)),0.0
613,MEAN(previous_app.MEAN(installments.NUM_INSTALMENT_VERSION)),31.0
614,SUM(previous_app.MAX(credit.SK_ID_CURR)),0.0
615,MIN(previous_app.SUM(credit.AMT_INST_MIN_REGULARITY)),1.6
616,MEAN(previous_app.MEAN(credit.SK_DPD_DEF)),4.0
617,MAX(previous_app.MEAN(credit.AMT_DRAWINGS_OTHER_CURRENT)),0.0
618,MAX(previous_app.SUM(credit.AMT_PAYMENT_TOTAL_CURRENT)),1.2
619,MIN(previous_app.MEAN(installments.AMT_PAYMENT)),35.599999999999994
620,MIN(previous_app.SUM(credit.AMT_DRAWINGS_CURRENT)),2.0
621,SUM(previous_app.MIN(credit.AMT_DRAWINGS_CURRENT)),0.2
622,MAX(previous_app.MEAN(credit.SK_ID_CURR)),0.0
623,MAX(bureau.SUM(bureau_balance.MONTHS_BALANCE)),7.4
624,MAX(previous_app.SUM(credit.CNT_DRAWINGS_CURRENT)),0.2
625,MIN(previous_app.SUM(installments.NUM_INSTALMENT_VERSION)),7.6000000000000005
626,MEAN(previous_app.MEAN(credit.AMT_INST_MIN_REGULARITY)),0.6000000000000001
627,SUM(previous_app.MIN(cash.SK_DPD_DEF)),0.0
628,MIN(previous_app.MEAN(credit.MONTHS_BALANCE)),1.0
629,MEAN(previous_app.MEAN(cash.CNT_INSTALMENT)),13.200000000000001
630,MAX(previous_app.MEAN(credit.AMT_DRAWINGS_ATM_CURRENT)),1.4
631,MIN(previous_app.SUM(installments.NUM_INSTALMENT_NUMBER)),8.0
632,MEAN(bureau.MIN(bureau_balance.MONTHS_BALANCE)),12.2
633,MIN(previous_app.MEAN(installments.DAYS_ENTRY_PAYMENT)),7.3999999999999995
634,MIN(previous_app.MAX(credit.AMT_DRAWINGS_OTHER_CURRENT)),0.8
635,MAX(previous_app.MEAN(credit.AMT_CREDIT_LIMIT_ACTUAL)),5.2
636,SUM(previous_app.MEAN(credit.AMT_PAYMENT_TOTAL_CURRENT)),3.4
637,MIN(previous_app.MEAN(cash.CNT_INSTALMENT_FUTURE)),24.4
638,SUM(previous_app.MAX(credit.SK_DPD_DEF)),0.0
639,MEAN(previous_app.MEAN(cash.CNT_INSTALMENT_FUTURE)),79.8
640,SUM(previous_app.MIN(credit.CNT_DRAWINGS_OTHER_CURRENT)),0.0
641,MAX(previous_app.SUM(credit.SK_DPD_DEF)),0.0
642,MAX(previous_app.SUM(installments.SK_ID_CURR)),27.4
643,MAX(previous_app.SUM(cash.MONTHS_BALANCE)),24.6
644,MAX(previous_app.MIN(credit.CNT_INSTALMENT_MATURE_CUM)),0.0
645,MIN(previous_app.MEAN(credit.CNT_DRAWINGS_ATM_CURRENT)),7.0
646,MEAN(previous_app.MIN(cash.CNT_INSTALMENT)),20.6
647,MIN(previous_app.MEAN(credit.AMT_PAYMENT_TOTAL_CURRENT)),2.2
648,SUM(previous_app.MEAN(credit.AMT_DRAWINGS_CURRENT)),1.6
649,MAX(previous_app.MEAN(credit.AMT_RECIVABLE)),0.2
650,SUM(previous_app.MEAN(cash.SK_DPD)),6.4
651,MEAN(previous_app.SUM(credit.SK_DPD_DEF)),0.2
652,MEAN(previous_app.MIN(credit.AMT_RECIVABLE)),0.0
653,MAX(previous_app.MIN(installments.DAYS_INSTALMENT)),14.6
654,MAX(previous_app.SUM(credit.AMT_RECIVABLE)),0.0
655,MAX(previous_app.MIN(installments.AMT_PAYMENT)),37.199999999999996
656,MEAN(previous_app.SUM(credit.AMT_DRAWINGS_CURRENT)),0.6000000000000001
657,MAX(previous_app.MIN(credit.AMT_DRAWINGS_POS_CURRENT)),0.4
658,MEAN(previous_app.COUNT(credit)),11.2
659,MAX(bureau.MEAN(bureau_balance.MONTHS_BALANCE)),9.0
660,SUM(previous_app.MEAN(credit.AMT_CREDIT_LIMIT_ACTUAL)),7.3999999999999995
661,MIN(previous_app.MAX(credit.AMT_PAYMENT_CURRENT)),3.4
662,MIN(previous_app.SUM(installments.SK_ID_CURR)),32.8
663,MEAN(previous_app.MEAN(credit.MONTHS_BALANCE)),0.4
664,MAX(previous_app.SUM(cash.CNT_INSTALMENT)),19.0
665,SUM(previous_app.MEAN(credit.AMT_INST_MIN_REGULARITY)),1.0
666,SUM(previous_app.MEAN(cash.MONTHS_BALANCE)),7.199999999999999
667,MEAN(previous_app.MEAN(installments.AMT_INSTALMENT)),19.8
668,SUM(previous_app.MEAN(installments.AMT_PAYMENT)),14.6
669,MEAN(previous_app.MIN(installments.AMT_PAYMENT)),99.0
670,SUM(previous_app.MIN(installments.AMT_INSTALMENT)),18.4
671,MEAN(previous_app.SUM(cash.CNT_INSTALMENT_FUTURE)),18.8
672,MAX(previous_app.MEAN(installments.NUM_INSTALMENT_VERSION)),39.0
673,MAX(previous_app.MIN(cash.SK_DPD_DEF)),0.0
674,SUM(previous_app.MIN(credit.CNT_INSTALMENT_MATURE_CUM)),0.0
675,MAX(previous_app.MEAN(credit.CNT_DRAWINGS_POS_CURRENT)),1.4
676,MIN(previous_app.MAX(credit.AMT_INST_MIN_REGULARITY)),2.2
677,MAX(previous_app.MEAN(installments.DAYS_ENTRY_PAYMENT)),17.799999999999997
678,MEAN(previous_app.SUM(credit.SK_DPD)),0.0
679,MEAN(previous_app.MEAN(credit.CNT_DRAWINGS_CURRENT)),7.6000000000000005
680,MIN(previous_app.MEAN(cash.SK_DPD_DEF)),1.6
681,MIN(previous_app.MAX(cash.SK_DPD_DEF)),0.2
682,MAX(previous_app.SUM(credit.CNT_DRAWINGS_OTHER_CURRENT)),0.0
683,MEAN(previous_app.SUM(installments.AMT_PAYMENT)),32.8
684,MEAN(previous_app.SUM(credit.AMT_PAYMENT_TOTAL_CURRENT)),2.0
685,SUM(previous_app.MIN(credit.SK_DPD_DEF)),0.0
686,MEAN(previous_app.COUNT(cash)),82.8
687,MEAN(previous_app.MIN(credit.CNT_DRAWINGS_OTHER_CURRENT)),0.0
688,MAX(previous_app.MIN(credit.AMT_DRAWINGS_OTHER_CURRENT)),0.0
689,MIN(previous_app.MAX(installments.DAYS_INSTALMENT)),5.6000000000000005
690,MIN(previous_app.MEAN(credit.AMT_BALANCE)),4.6
691,MEAN(previous_app.MEAN(credit.AMT_DRAWINGS_POS_CURRENT)),1.2000000000000002
692,MEAN(previous_app.MAX(credit.AMT_PAYMENT_CURRENT)),0.8
693,MEAN(previous_app.MAX(cash.MONTHS_BALANCE)),11.8
694,MEAN(bureau.MEAN(bureau_balance.MONTHS_BALANCE)),18.799999999999997
695,MAX(previous_app.MIN(credit.AMT_RECEIVABLE_PRINCIPAL)),0.2
696,MEAN(previous_app.MAX(cash.CNT_INSTALMENT_FUTURE)),14.399999999999999
697,MEAN(previous_app.MIN(cash.SK_ID_CURR)),0.0
698,MIN(previous_app.SUM(credit.AMT_PAYMENT_CURRENT)),4.8
699,MEAN(previous_app.MIN(installments.DAYS_ENTRY_PAYMENT)),7.4
700,SUM(previous_app.MAX(credit.MONTHS_BALANCE)),1.0
701,MEAN(previous_app.MIN(cash.SK_DPD)),0.0
702,MAX(previous_app.SUM(installments.AMT_INSTALMENT)),17.4
703,SUM(bureau.MAX(bureau_balance.MONTHS_BALANCE)),11.0
704,MEAN(previous_app.MIN(credit.AMT_INST_MIN_REGULARITY)),0.0
705,MIN(previous_app.MEAN(installments.SK_ID_CURR)),0.0
706,MAX(previous_app.MEAN(credit.AMT_BALANCE)),3.0
707,MIN(previous_app.MEAN(credit.SK_DPD)),2.2
708,MEAN(previous_app.MEAN(installments.DAYS_ENTRY_PAYMENT)),7.6
709,SUM(previous_app.MIN(installments.DAYS_INSTALMENT)),9.0
710,MAX(bureau.COUNT(bureau_balance)),11.600000000000001
711,MIN(previous_app.SUM(credit.AMT_CREDIT_LIMIT_ACTUAL)),3.8
712,SUM(previous_app.MIN(credit.AMT_BALANCE)),0.2
713,MIN(previous_app.MEAN(credit.AMT_CREDIT_LIMIT_ACTUAL)),6.999999999999999
714,MIN(previous_app.SUM(credit.AMT_DRAWINGS_ATM_CURRENT)),1.2000000000000002
715,MAX(previous_app.SUM(credit.AMT_CREDIT_LIMIT_ACTUAL)),0.4
716,SUM(previous_app.MIN(credit.AMT_TOTAL_RECEIVABLE)),0.8
717,MIN(previous_app.MAX(credit.SK_DPD_DEF)),0.2
718,MEAN(previous_app.MAX(credit.CNT_DRAWINGS_ATM_CURRENT)),0.4
719,MAX(previous_app.SUM(cash.SK_ID_CURR)),35.0
720,SUM(previous_app.MAX(credit.AMT_CREDIT_LIMIT_ACTUAL)),1.0
721,MIN(previous_app.MAX(cash.SK_ID_CURR)),0.0
722,MEAN(previous_app.MAX(installments.AMT_INSTALMENT)),21.8
723,MIN(previous_app.MAX(installments.AMT_INSTALMENT)),20.4
724,MEAN(previous_app.MIN(credit.AMT_DRAWINGS_CURRENT)),0.2
725,MEAN(previous_app.MAX(credit.CNT_DRAWINGS_CURRENT)),5.2
726,SUM(previous_app.MAX(credit.SK_DPD)),0.0
727,MEAN(previous_app.MEAN(credit.AMT_PAYMENT_CURRENT)),3.2
728,MEAN(previous_app.MAX(credit.AMT_TOTAL_RECEIVABLE)),0.0
729,MEAN(previous_app.SUM(cash.SK_ID_CURR)),30.200000000000003
730,MAX(previous_app.SUM(credit.CNT_INSTALMENT_MATURE_CUM)),0.8
731,SUM(previous_app.MEAN(credit.AMT_DRAWINGS_ATM_CURRENT)),1.4
732,MIN(previous_app.MAX(installments.AMT_PAYMENT)),18.4
733,MEAN(previous_app.SUM(credit.CNT_DRAWINGS_OTHER_CURRENT)),0.0
734,MIN(previous_app.MAX(installments.SK_ID_CURR)),0.0
735,SUM(previous_app.MIN(installments.NUM_INSTALMENT_VERSION)),1.7999999999999998
736,MIN(previous_app.SUM(credit.CNT_DRAWINGS_POS_CURRENT)),0.0
737,MAX(previous_app.MEAN(credit.SK_DPD_DEF)),0.0
738,MIN(previous_app.SUM(credit.AMT_RECIVABLE)),0.4
739,MEAN(previous_app.MAX(credit.SK_ID_CURR)),0.0
740,MEAN(previous_app.MIN(credit.SK_ID_CURR)),0.0
741,MAX(previous_app.SUM(installments.NUM_INSTALMENT_NUMBER)),6.0
742,SUM(previous_app.MAX(credit.AMT_DRAWINGS_CURRENT)),1.0
743,SUM(previous_app.MIN(credit.AMT_RECIVABLE)),0.0
744,MIN(previous_app.MEAN(credit.AMT_RECIVABLE)),0.2
745,MIN(previous_app.MAX(credit.CNT_DRAWINGS_CURRENT)),5.6
746,MIN(previous_app.MEAN(cash.CNT_INSTALMENT)),13.600000000000001
747,MAX(previous_app.MIN(credit.CNT_DRAWINGS_ATM_CURRENT)),0.0
748,MIN(previous_app.MEAN(credit.CNT_DRAWINGS_CURRENT)),8.2
749,MEAN(previous_app.MIN(credit.MONTHS_BALANCE)),0.2
750,MAX(previous_app.COUNT(cash)),9.2
751,MAX(previous_app.MEAN(credit.MONTHS_BALANCE)),2.0
752,MAX(previous_app.MEAN(credit.AMT_RECEIVABLE_PRINCIPAL)),3.6
753,SUM(previous_app.MEAN(cash.SK_DPD_DEF)),11.0
754,SUM(previous_app.MEAN(installments.DAYS_ENTRY_PAYMENT)),4.0
755,SUM(previous_app.MIN(credit.AMT_CREDIT_LIMIT_ACTUAL)),3.0
756,MEAN(previous_app.MIN(credit.AMT_BALANCE)),0.8
757,MIN(previous_app.MAX(installments.NUM_INSTALMENT_VERSION)),0.6000000000000001
758,MIN(previous_app.MEAN(credit.SK_DPD_DEF)),1.4000000000000001
759,SUM(previous_app.MAX(cash.MONTHS_BALANCE)),9.6
760,MEAN(previous_app.MIN(cash.CNT_INSTALMENT_FUTURE)),44.4
761,SUM(previous_app.MEAN(cash.SK_ID_CURR)),0.0
762,MIN(previous_app.MEAN(credit.CNT_DRAWINGS_POS_CURRENT)),0.8
763,SUM(previous_app.MIN(credit.CNT_DRAWINGS_CURRENT)),0.0
764,MEAN(previous_app.MIN(credit.AMT_CREDIT_LIMIT_ACTUAL)),0.2
765,SUM(previous_app.MIN(installments.DAYS_ENTRY_PAYMENT)),5.6
766,MEAN(previous_app.SUM(installments.SK_ID_CURR)),32.599999999999994
767,MEAN(previous_app.SUM(cash.SK_DPD_DEF)),10.4
768,SUM(previous_app.MEAN(credit.MONTHS_BALANCE)),1.2
769,SUM(previous_app.MEAN(credit.CNT_INSTALMENT_MATURE_CUM)),1.2000000000000002
770,MEAN(previous_app.SUM(credit.AMT_RECIVABLE)),0.2
771,MIN(previous_app.MAX(credit.CNT_INSTALMENT_MATURE_CUM)),0.4
772,MIN(previous_app.SUM(credit.CNT_DRAWINGS_ATM_CURRENT)),2.0
773,MEAN(previous_app.SUM(credit.MONTHS_BALANCE)),0.4
774,SUM(previous_app.MAX(credit.AMT_DRAWINGS_OTHER_CURRENT)),0.0
775,MEAN(previous_app.MIN(credit.AMT_PAYMENT_TOTAL_CURRENT)),0.0
776,SUM(previous_app.MAX(cash.CNT_INSTALMENT)),5.199999999999999
777,MAX(previous_app.MEAN(credit.AMT_PAYMENT_TOTAL_CURRENT)),1.6
778,MEAN(previous_app.MIN(credit.AMT_DRAWINGS_OTHER_CURRENT)),0.0
779,MAX(previous_app.SUM(credit.SK_ID_CURR)),2.4
780,MEAN(previous_app.MIN(credit.AMT_PAYMENT_CURRENT)),0.2
781,MAX(previous_app.MEAN(credit.AMT_PAYMENT_CURRENT)),1.8000000000000003
782,MAX(previous_app.MEAN(credit.CNT_DRAWINGS_OTHER_CURRENT)),0.2
783,SUM(previous_app.MAX(credit.AMT_TOTAL_RECEIVABLE)),0.2
784,MEAN(bureau.MAX(bureau_balance.MONTHS_BALANCE)),19.799999999999997
785,MEAN(previous_app.MAX(credit.AMT_DRAWINGS_CURRENT)),0.8
786,MAX(previous_app.MEAN(cash.SK_DPD_DEF)),8.2
787,SUM(previous_app.MIN(cash.SK_ID_CURR)),0.0
788,MEAN(previous_app.MAX(credit.AMT_PAYMENT_TOTAL_CURRENT)),2.1999999999999997
789,SUM(previous_app.MEAN(credit.SK_DPD)),0.4
790,SUM(previous_app.MIN(installments.SK_ID_CURR)),0.0
791,MEAN(previous_app.MEAN(credit.CNT_DRAWINGS_ATM_CURRENT)),13.0
792,MEAN(previous_app.SUM(installments.DAYS_INSTALMENT)),12.0
793,MAX(previous_app.MEAN(credit.SK_DPD)),0.0
794,MEAN(previous_app.MIN(cash.SK_DPD_DEF)),0.0
795,SUM(previous_app.MEAN(credit.AMT_PAYMENT_CURRENT)),2.6
796,MEAN(previous_app.SUM(cash.SK_DPD)),4.0
797,SUM(previous_app.MIN(credit.AMT_DRAWINGS_POS_CURRENT)),0.0
798,MIN(previous_app.MEAN(credit.AMT_DRAWINGS_CURRENT)),3.0
799,MEAN(previous_app.SUM(credit.AMT_PAYMENT_CURRENT)),3.4000000000000004
800,MIN(previous_app.MAX(credit.AMT_RECEIVABLE_PRINCIPAL)),1.0
801,SUM(previous_app.MAX(credit.AMT_BALANCE)),1.7999999999999998
802,SUM(previous_app.MEAN(cash.CNT_INSTALMENT)),11.2
803,MAX(previous_app.SUM(credit.AMT_RECEIVABLE_PRINCIPAL)),0.4
804,MAX(previous_app.MEAN(installments.AMT_PAYMENT)),20.0
805,MAX(previous_app.MIN(credit.AMT_PAYMENT_TOTAL_CURRENT)),0.0
806,SUM(previous_app.MEAN(credit.CNT_DRAWINGS_POS_CURRENT)),0.6000000000000001
807,MAX(previous_app.SUM(credit.CNT_DRAWINGS_POS_CURRENT)),0.0
808,MIN(previous_app.MAX(cash.SK_DPD)),1.4
809,SUM(previous_app.MIN(cash.SK_DPD)),0.0
810,SUM(previous_app.MAX(credit.AMT_RECEIVABLE_PRINCIPAL)),1.0
811,MEAN(bureau.COUNT(bureau_balance)),15.600000000000001
812,SUM(previous_app.MAX(cash.SK_DPD)),2.4000000000000004
813,MIN(previous_app.MAX(credit.MONTHS_BALANCE)),0.0
814,SUM(previous_app.MEAN(credit.CNT_DRAWINGS_OTHER_CURRENT)),0.0
815,MAX(previous_app.MIN(credit.AMT_INST_MIN_REGULARITY)),0.0
816,MEAN(previous_app.COUNT(installments)),48.400000000000006
817,SUM(previous_app.MAX(credit.AMT_PAYMENT_CURRENT)),1.4
818,MAX(previous_app.SUM(credit.AMT_DRAWINGS_POS_CURRENT)),0.8
819,MEAN(previous_app.MAX(credit.AMT_DRAWINGS_OTHER_CURRENT)),0.2
820,MEAN(previous_app.MAX(cash.CNT_INSTALMENT)),13.0
821,SUM(previous_app.MAX(installments.DAYS_INSTALMENT)),7.199999999999999
822,MIN(previous_app.MEAN(cash.SK_DPD)),3.0
823,MIN(previous_app.MAX(credit.AMT_DRAWINGS_ATM_CURRENT)),1.0
824,MAX(previous_app.MIN(credit.CNT_DRAWINGS_OTHER_CURRENT)),0.0
825,MEAN(previous_app.SUM(installments.AMT_INSTALMENT)),17.8
826,MEAN(previous_app.MEAN(credit.AMT_DRAWINGS_OTHER_CURRENT)),0.0
827,MIN(previous_app.MEAN(installments.AMT_INSTALMENT)),21.0
828,MEAN(previous_app.MAX(credit.SK_DPD_DEF)),0.0
829,SUM(previous_app.MAX(credit.CNT_DRAWINGS_POS_CURRENT)),0.0
830,MAX(previous_app.MEAN(installments.SK_ID_CURR)),0.0
831,MEAN(previous_app.MEAN(installments.DAYS_INSTALMENT)),6.2
832,MAX(previous_app.COUNT(credit)),1.4000000000000001
833,MIN(previous_app.SUM(cash.MONTHS_BALANCE)),25.8
834,MIN(previous_app.MEAN(cash.SK_ID_CURR)),0.0
835,MIN(previous_app.SUM(credit.SK_DPD)),0.2
836,MIN(previous_app.MAX(credit.CNT_DRAWINGS_POS_CURRENT)),1.0
837,MIN(previous_app.SUM(credit.CNT_DRAWINGS_OTHER_CURRENT)),0.4
838,MAX(previous_app.SUM(cash.SK_DPD)),3.4
839,MAX(previous_app.MIN(cash.CNT_INSTALMENT_FUTURE)),22.2
840,MAX(previous_app.MEAN(credit.CNT_INSTALMENT_MATURE_CUM)),0.8
841,ORGANIZATION_TYPE_Advertising,0.0
842,ORGANIZATION_TYPE_Agriculture,0.2
843,ORGANIZATION_TYPE_Bank,7.0
844,ORGANIZATION_TYPE_Business Entity Type 1,0.6000000000000001
845,ORGANIZATION_TYPE_Business Entity Type 2,1.2
846,ORGANIZATION_TYPE_Business Entity Type 3,11.8
847,ORGANIZATION_TYPE_Cleaning,0.0
848,ORGANIZATION_TYPE_Construction,10.600000000000001
849,ORGANIZATION_TYPE_Culture,0.0
850,ORGANIZATION_TYPE_Electricity,0.2
851,ORGANIZATION_TYPE_Emergency,0.0
852,ORGANIZATION_TYPE_Government,2.6
853,ORGANIZATION_TYPE_Hotel,1.2000000000000002
854,ORGANIZATION_TYPE_Housing,0.0
855,ORGANIZATION_TYPE_Industry: type 1,0.0
856,ORGANIZATION_TYPE_Industry: type 10,0.0
857,ORGANIZATION_TYPE_Industry: type 11,0.0
858,ORGANIZATION_TYPE_Industry: type 12,1.6
859,ORGANIZATION_TYPE_Industry: type 13,0.0
860,ORGANIZATION_TYPE_Industry: type 2,0.0
861,ORGANIZATION_TYPE_Industry: type 3,0.2
862,ORGANIZATION_TYPE_Industry: type 4,0.0
863,ORGANIZATION_TYPE_Industry: type 5,0.2
864,ORGANIZATION_TYPE_Industry: type 6,0.0
865,ORGANIZATION_TYPE_Industry: type 7,0.2
866,ORGANIZATION_TYPE_Industry: type 8,0.0
867,ORGANIZATION_TYPE_Industry: type 9,11.0
868,ORGANIZATION_TYPE_Insurance,0.4
869,ORGANIZATION_TYPE_Kindergarten,3.0
870,ORGANIZATION_TYPE_Legal Services,0.0
871,ORGANIZATION_TYPE_Medicine,3.0000000000000004
872,ORGANIZATION_TYPE_Military,9.8
873,ORGANIZATION_TYPE_Mobile,0.0
874,ORGANIZATION_TYPE_Other,0.4
875,ORGANIZATION_TYPE_Police,4.6
876,ORGANIZATION_TYPE_Postal,0.2
877,ORGANIZATION_TYPE_Realtor,6.2
878,ORGANIZATION_TYPE_Religion,0.0
879,ORGANIZATION_TYPE_Restaurant,0.6000000000000001
880,ORGANIZATION_TYPE_School,7.000000000000001
881,ORGANIZATION_TYPE_Security,0.4
882,ORGANIZATION_TYPE_Security Ministries,4.8
883,ORGANIZATION_TYPE_Self-employed,15.0
884,ORGANIZATION_TYPE_Services,0.8
885,ORGANIZATION_TYPE_Telecom,0.0
886,ORGANIZATION_TYPE_Trade: type 1,0.2
887,ORGANIZATION_TYPE_Trade: type 2,3.6
888,ORGANIZATION_TYPE_Trade: type 3,0.2
889,ORGANIZATION_TYPE_Trade: type 4,0.0
890,ORGANIZATION_TYPE_Trade: type 5,0.0
891,ORGANIZATION_TYPE_Trade: type 6,0.8
892,ORGANIZATION_TYPE_Trade: type 7,0.4
893,ORGANIZATION_TYPE_Transport: type 1,0.6000000000000001
894,ORGANIZATION_TYPE_Transport: type 2,0.2
895,ORGANIZATION_TYPE_Transport: type 3,7.4
896,ORGANIZATION_TYPE_Transport: type 4,0.6000000000000001
897,ORGANIZATION_TYPE_University,0.8
898,ORGANIZATION_TYPE_XNA,0.0
899,NAME_INCOME_TYPE_Businessman,0.0
900,NAME_INCOME_TYPE_Commercial associate,1.4000000000000001
901,NAME_INCOME_TYPE_Pensioner,2.5999999999999996
902,NAME_INCOME_TYPE_State servant,11.0
903,NAME_INCOME_TYPE_Student,0.0
904,NAME_INCOME_TYPE_Unemployed,0.0
905,NAME_INCOME_TYPE_Working,20.799999999999997
906,WALLSMATERIAL_MODE_Block,1.0
907,WALLSMATERIAL_MODE_Mixed,0.8
908,WALLSMATERIAL_MODE_Monolithic,0.2
909,WALLSMATERIAL_MODE_Others,0.0
910,WALLSMATERIAL_MODE_Panel,2.8
911,"WALLSMATERIAL_MODE_Stone, brick",4.6
912,WALLSMATERIAL_MODE_Wooden,0.0
913,NAME_CONTRACT_TYPE_Cash loans,25.6
914,NAME_CONTRACT_TYPE_Revolving loans,0.0
915,WEEKDAY_APPR_PROCESS_START_FRIDAY,2.4000000000000004
916,WEEKDAY_APPR_PROCESS_START_MONDAY,6.0
917,WEEKDAY_APPR_PROCESS_START_SATURDAY,3.0
918,WEEKDAY_APPR_PROCESS_START_SUNDAY,3.5999999999999996
919,WEEKDAY_APPR_PROCESS_START_THURSDAY,1.4
920,WEEKDAY_APPR_PROCESS_START_TUESDAY,1.6
921,WEEKDAY_APPR_PROCESS_START_WEDNESDAY,3.8
922,FLAG_OWN_CAR_N,0.6000000000000001
923,FLAG_OWN_CAR_Y,0.0
924,FLAG_OWN_REALTY_N,3.8
925,FLAG_OWN_REALTY_Y,0.2
926,CODE_GENDER_F,44.2
927,CODE_GENDER_M,30.599999999999994
928,OCCUPATION_TYPE_Accountants,5.199999999999999
929,OCCUPATION_TYPE_Cleaning staff,1.2000000000000002
930,OCCUPATION_TYPE_Cooking staff,0.2
931,OCCUPATION_TYPE_Core staff,14.8
932,OCCUPATION_TYPE_Drivers,14.0
933,OCCUPATION_TYPE_HR staff,0.0
934,OCCUPATION_TYPE_High skill tech staff,3.2
935,OCCUPATION_TYPE_IT staff,0.0
936,OCCUPATION_TYPE_Laborers,8.8
937,OCCUPATION_TYPE_Low-skill Laborers,1.4
938,OCCUPATION_TYPE_Managers,1.2000000000000002
939,OCCUPATION_TYPE_Medicine staff,4.2
940,OCCUPATION_TYPE_Private service staff,0.6000000000000001
941,OCCUPATION_TYPE_Realty agents,0.0
942,OCCUPATION_TYPE_Sales staff,4.4
943,OCCUPATION_TYPE_Secretaries,0.2
944,OCCUPATION_TYPE_Security staff,0.6000000000000001
945,OCCUPATION_TYPE_Waiters/barmen staff,0.4
946,NAME_FAMILY_STATUS_Civil marriage,2.4
947,NAME_FAMILY_STATUS_Married,43.400000000000006
948,NAME_FAMILY_STATUS_Separated,1.8000000000000003
949,NAME_FAMILY_STATUS_Single / not married,2.6000000000000005
950,NAME_FAMILY_STATUS_Widow,1.0
951,NAME_TYPE_SUITE_Children,0.8
952,NAME_TYPE_SUITE_Family,1.0
953,NAME_TYPE_SUITE_Group of people,0.0
954,NAME_TYPE_SUITE_Other_A,0.2
955,NAME_TYPE_SUITE_Other_B,0.6000000000000001
956,"NAME_TYPE_SUITE_Spouse, partner",1.4
957,NAME_TYPE_SUITE_Unaccompanied,0.6000000000000001
958,NAME_EDUCATION_TYPE_Academic degree,4.0
959,NAME_EDUCATION_TYPE_Higher education,39.6
960,NAME_EDUCATION_TYPE_Incomplete higher,4.6
961,NAME_EDUCATION_TYPE_Lower secondary,1.8
962,NAME_EDUCATION_TYPE_Secondary / secondary special,18.4
963,FONDKAPREMONT_MODE_not specified,0.2
964,FONDKAPREMONT_MODE_org spec account,1.6
965,FONDKAPREMONT_MODE_reg oper account,0.4
966,FONDKAPREMONT_MODE_reg oper spec account,1.8
967,EMERGENCYSTATE_MODE_No,0.2
968,EMERGENCYSTATE_MODE_Yes,0.6000000000000001
969,NAME_HOUSING_TYPE_Co-op apartment,0.4
970,NAME_HOUSING_TYPE_House / apartment,3.6
971,NAME_HOUSING_TYPE_Municipal apartment,5.0
972,NAME_HOUSING_TYPE_Office apartment,2.0
973,NAME_HOUSING_TYPE_Rented apartment,0.4
974,NAME_HOUSING_TYPE_With parents,0.8
975,HOUSETYPE_MODE_block of flats,0.0
976,HOUSETYPE_MODE_specific housing,1.0
977,HOUSETYPE_MODE_terraced house,0.0
978,MODE(bureau.CREDIT_ACTIVE)_Active,1.8000000000000003
979,MODE(bureau.CREDIT_ACTIVE)_Closed,3.0
980,MODE(bureau.CREDIT_ACTIVE)_Sold,0.0
981,MODE(previous_app.NAME_PRODUCT_TYPE)_XNA,1.0
982,MODE(previous_app.NAME_PRODUCT_TYPE)_walk-in,2.8
983,MODE(previous_app.NAME_PRODUCT_TYPE)_x-sell,2.0
984,MODE(bureau.CREDIT_CURRENCY)_currency 1,0.0
985,MODE(bureau.CREDIT_CURRENCY)_currency 2,0.0
986,MODE(previous_app.NAME_CONTRACT_TYPE)_Cash loans,0.8
987,MODE(previous_app.NAME_CONTRACT_TYPE)_Consumer loans,1.0
988,MODE(previous_app.NAME_CONTRACT_TYPE)_Revolving loans,0.8
989,MODE(previous_app.PRODUCT_COMBINATION)_Card Street,0.6000000000000001
990,MODE(previous_app.PRODUCT_COMBINATION)_Card X-Sell,0.6000000000000001
991,MODE(previous_app.PRODUCT_COMBINATION)_Cash,1.8
992,MODE(previous_app.PRODUCT_COMBINATION)_Cash Street: high,3.0
993,MODE(previous_app.PRODUCT_COMBINATION)_Cash Street: low,4.0
994,MODE(previous_app.PRODUCT_COMBINATION)_Cash Street: middle,0.6000000000000001
995,MODE(previous_app.PRODUCT_COMBINATION)_Cash X-Sell: high,3.8000000000000003
996,MODE(previous_app.PRODUCT_COMBINATION)_Cash X-Sell: low,6.199999999999999
997,MODE(previous_app.PRODUCT_COMBINATION)_Cash X-Sell: middle,1.4
998,MODE(previous_app.PRODUCT_COMBINATION)_POS household with interest,1.4000000000000001
999,MODE(previous_app.PRODUCT_COMBINATION)_POS household without interest,4.0
1000,MODE(previous_app.PRODUCT_COMBINATION)_POS industry with interest,6.4
1001,MODE(previous_app.PRODUCT_COMBINATION)_POS industry without interest,0.8
1002,MODE(previous_app.PRODUCT_COMBINATION)_POS mobile with interest,2.2
1003,MODE(previous_app.PRODUCT_COMBINATION)_POS mobile without interest,0.4
1004,MODE(previous_app.PRODUCT_COMBINATION)_POS other with interest,0.0
1005,MODE(previous_app.PRODUCT_COMBINATION)_POS others without interest,0.0
1006,MODE(previous_app.CHANNEL_TYPE)_AP+ (Cash loan),7.2
1007,MODE(previous_app.CHANNEL_TYPE)_Car dealer,0.0
1008,MODE(previous_app.CHANNEL_TYPE)_Channel of corporate sales,10.2
1009,MODE(previous_app.CHANNEL_TYPE)_Contact center,1.0
1010,MODE(previous_app.CHANNEL_TYPE)_Country-wide,1.4
1011,MODE(previous_app.CHANNEL_TYPE)_Credit and cash offices,0.8
1012,MODE(previous_app.CHANNEL_TYPE)_Regional / Local,0.6000000000000001
1013,MODE(previous_app.CHANNEL_TYPE)_Stone,2.0
1014,MODE(previous_app.NAME_GOODS_CATEGORY)_Additional Service,0.0
1015,MODE(previous_app.NAME_GOODS_CATEGORY)_Audio/Video,0.6
1016,MODE(previous_app.NAME_GOODS_CATEGORY)_Auto Accessories,0.2
1017,MODE(previous_app.NAME_GOODS_CATEGORY)_Clothing and Accessories,5.4
1018,MODE(previous_app.NAME_GOODS_CATEGORY)_Computers,1.6
1019,MODE(previous_app.NAME_GOODS_CATEGORY)_Construction Materials,1.0
1020,MODE(previous_app.NAME_GOODS_CATEGORY)_Consumer Electronics,1.4
1021,MODE(previous_app.NAME_GOODS_CATEGORY)_Direct Sales,0.2
1022,MODE(previous_app.NAME_GOODS_CATEGORY)_Education,0.0
1023,MODE(previous_app.NAME_GOODS_CATEGORY)_Fitness,0.0
1024,MODE(previous_app.NAME_GOODS_CATEGORY)_Furniture,12.200000000000003
1025,MODE(previous_app.NAME_GOODS_CATEGORY)_Gardening,0.4
1026,MODE(previous_app.NAME_GOODS_CATEGORY)_Homewares,0.0
1027,MODE(previous_app.NAME_GOODS_CATEGORY)_Insurance,0.0
1028,MODE(previous_app.NAME_GOODS_CATEGORY)_Jewelry,0.4
1029,MODE(previous_app.NAME_GOODS_CATEGORY)_Medical Supplies,0.6000000000000001
1030,MODE(previous_app.NAME_GOODS_CATEGORY)_Medicine,0.6000000000000001
1031,MODE(previous_app.NAME_GOODS_CATEGORY)_Mobile,1.0
1032,MODE(previous_app.NAME_GOODS_CATEGORY)_Office Appliances,0.0
1033,MODE(previous_app.NAME_GOODS_CATEGORY)_Other,0.2
1034,MODE(previous_app.NAME_GOODS_CATEGORY)_Photo / Cinema Equipment,0.4
1035,MODE(previous_app.NAME_GOODS_CATEGORY)_Sport and Leisure,0.2
1036,MODE(previous_app.NAME_GOODS_CATEGORY)_Tourism,0.4
1037,MODE(previous_app.NAME_GOODS_CATEGORY)_Vehicles,0.2
1038,MODE(previous_app.NAME_GOODS_CATEGORY)_Weapon,0.0
1039,MODE(previous_app.NAME_GOODS_CATEGORY)_XNA,0.4
1040,MODE(previous_app.NAME_CLIENT_TYPE)_New,0.6000000000000001
1041,MODE(previous_app.NAME_CLIENT_TYPE)_Refreshed,1.2000000000000002
1042,MODE(previous_app.NAME_CLIENT_TYPE)_Repeater,0.6000000000000001
1043,MODE(previous_app.NAME_CLIENT_TYPE)_XNA,0.0
1044,MODE(previous_app.CODE_REJECT_REASON)_CLIENT,0.2
1045,MODE(previous_app.CODE_REJECT_REASON)_HC,6.2
1046,MODE(previous_app.CODE_REJECT_REASON)_LIMIT,0.4
1047,MODE(previous_app.CODE_REJECT_REASON)_SCO,1.6
1048,MODE(previous_app.CODE_REJECT_REASON)_SCOFR,0.2
1049,MODE(previous_app.CODE_REJECT_REASON)_SYSTEM,0.0
1050,MODE(previous_app.CODE_REJECT_REASON)_VERIF,0.0
1051,MODE(previous_app.CODE_REJECT_REASON)_XAP,1.5999999999999999
1052,MODE(previous_app.CODE_REJECT_REASON)_XNA,0.0
1053,MODE(credit.NAME_CONTRACT_STATUS)_Active,0.0
1054,MODE(credit.NAME_CONTRACT_STATUS)_Completed,0.4
1055,MODE(credit.NAME_CONTRACT_STATUS)_Signed,0.0
1056,MODE(previous_app.NAME_SELLER_INDUSTRY)_Auto technology,0.8
1057,MODE(previous_app.NAME_SELLER_INDUSTRY)_Clothing,1.8
1058,MODE(previous_app.NAME_SELLER_INDUSTRY)_Connectivity,1.2000000000000002
1059,MODE(previous_app.NAME_SELLER_INDUSTRY)_Construction,2.4000000000000004
1060,MODE(previous_app.NAME_SELLER_INDUSTRY)_Consumer electronics,0.8
1061,MODE(previous_app.NAME_SELLER_INDUSTRY)_Furniture,2.8
1062,MODE(previous_app.NAME_SELLER_INDUSTRY)_Industry,1.0
1063,MODE(previous_app.NAME_SELLER_INDUSTRY)_Jewelry,0.0
1064,MODE(previous_app.NAME_SELLER_INDUSTRY)_MLM partners,0.2
1065,MODE(previous_app.NAME_SELLER_INDUSTRY)_Tourism,0.0
1066,MODE(previous_app.NAME_SELLER_INDUSTRY)_XNA,0.4
1067,MODE(previous_app.NAME_PORTFOLIO)_Cards,0.4
1068,MODE(previous_app.NAME_PORTFOLIO)_Cars,0.0
1069,MODE(previous_app.NAME_PORTFOLIO)_Cash,0.8
1070,MODE(previous_app.NAME_PORTFOLIO)_POS,3.0
1071,MODE(previous_app.NAME_PORTFOLIO)_XNA,1.2000000000000002
1072,MODE(previous_app.FLAG_LAST_APPL_PER_CONTRACT)_N,0.0
1073,MODE(previous_app.FLAG_LAST_APPL_PER_CONTRACT)_Y,0.0
1074,MODE(previous_app.NAME_TYPE_SUITE)_Children,1.8
1075,MODE(previous_app.NAME_TYPE_SUITE)_Family,1.2000000000000002
1076,MODE(previous_app.NAME_TYPE_SUITE)_Group of people,0.2
1077,MODE(previous_app.NAME_TYPE_SUITE)_Other_A,0.6000000000000001
1078,MODE(previous_app.NAME_TYPE_SUITE)_Other_B,5.0
1079,"MODE(previous_app.NAME_TYPE_SUITE)_Spouse, partner",0.6000000000000001
1080,MODE(previous_app.NAME_TYPE_SUITE)_Unaccompanied,4.6
1081,MODE(previous_app.NAME_PAYMENT_TYPE)_Cash through the bank,1.2000000000000002
1082,MODE(previous_app.NAME_PAYMENT_TYPE)_Cashless from the account of the employer,0.0
1083,MODE(previous_app.NAME_PAYMENT_TYPE)_Non-cash from your account,0.0
1084,MODE(previous_app.NAME_PAYMENT_TYPE)_XNA,0.6000000000000001
1085,MODE(previous_app.NAME_CONTRACT_STATUS)_Approved,0.8
1086,MODE(previous_app.NAME_CONTRACT_STATUS)_Canceled,2.0
1087,MODE(previous_app.NAME_CONTRACT_STATUS)_Refused,15.799999999999997
1088,MODE(previous_app.NAME_CONTRACT_STATUS)_Unused offer,0.0
1089,MODE(previous_app.WEEKDAY_APPR_PROCESS_START)_FRIDAY,2.0
1090,MODE(previous_app.WEEKDAY_APPR_PROCESS_START)_MONDAY,2.2
1091,MODE(previous_app.WEEKDAY_APPR_PROCESS_START)_SATURDAY,3.8000000000000003
1092,MODE(previous_app.WEEKDAY_APPR_PROCESS_START)_SUNDAY,3.6
1093,MODE(previous_app.WEEKDAY_APPR_PROCESS_START)_THURSDAY,2.4
1094,MODE(previous_app.WEEKDAY_APPR_PROCESS_START)_TUESDAY,1.6
1095,MODE(previous_app.WEEKDAY_APPR_PROCESS_START)_WEDNESDAY,0.6000000000000001
1096,MODE(bureau.CREDIT_TYPE)_Another type of loan,0.4
1097,MODE(bureau.CREDIT_TYPE)_Car loan,3.0
1098,MODE(bureau.CREDIT_TYPE)_Consumer credit,0.8
1099,MODE(bureau.CREDIT_TYPE)_Credit card,1.4000000000000001
1100,MODE(bureau.CREDIT_TYPE)_Loan for business development,0.0
1101,MODE(bureau.CREDIT_TYPE)_Loan for working capital replenishment,0.0
1102,MODE(bureau.CREDIT_TYPE)_Microloan,6.8
1103,MODE(bureau.CREDIT_TYPE)_Mortgage,1.8
1104,MODE(bureau.CREDIT_TYPE)_Unknown type of loan,0.0
1105,MODE(bureau_balance.STATUS)_0,0.6
1106,MODE(bureau_balance.STATUS)_1,0.0
1107,MODE(bureau_balance.STATUS)_5,0.0
1108,MODE(bureau_balance.STATUS)_C,1.2
1109,MODE(bureau_balance.STATUS)_X,0.8
1110,MODE(cash.NAME_CONTRACT_STATUS)_Active,0.0
1111,MODE(cash.NAME_CONTRACT_STATUS)_Approved,0.0
1112,MODE(cash.NAME_CONTRACT_STATUS)_Completed,0.0
1113,MODE(cash.NAME_CONTRACT_STATUS)_Demand,0.0
1114,MODE(cash.NAME_CONTRACT_STATUS)_Returned to the store,0.0
1115,MODE(cash.NAME_CONTRACT_STATUS)_Signed,0.4
1116,MODE(previous_app.NAME_CASH_LOAN_PURPOSE)_Building a house or an annex,0.0
1117,MODE(previous_app.NAME_CASH_LOAN_PURPOSE)_Business development,0.0
1118,MODE(previous_app.NAME_CASH_LOAN_PURPOSE)_Buying a holiday home / land,0.0
1119,MODE(previous_app.NAME_CASH_LOAN_PURPOSE)_Buying a home,0.0
1120,MODE(previous_app.NAME_CASH_LOAN_PURPOSE)_Buying a new car,0.0
1121,MODE(previous_app.NAME_CASH_LOAN_PURPOSE)_Buying a used car,0.0
1122,MODE(previous_app.NAME_CASH_LOAN_PURPOSE)_Car repairs,0.0
1123,MODE(previous_app.NAME_CASH_LOAN_PURPOSE)_Education,0.0
1124,MODE(previous_app.NAME_CASH_LOAN_PURPOSE)_Everyday expenses,0.2
1125,MODE(previous_app.NAME_CASH_LOAN_PURPOSE)_Furniture,0.4
1126,MODE(previous_app.NAME_CASH_LOAN_PURPOSE)_Gasification / water supply,0.0
1127,MODE(previous_app.NAME_CASH_LOAN_PURPOSE)_Hobby,0.0
1128,MODE(previous_app.NAME_CASH_LOAN_PURPOSE)_Journey,0.0
1129,MODE(previous_app.NAME_CASH_LOAN_PURPOSE)_Medicine,0.0
1130,MODE(previous_app.NAME_CASH_LOAN_PURPOSE)_Other,0.2
1131,MODE(previous_app.NAME_CASH_LOAN_PURPOSE)_Payments on other loans,0.0
1132,MODE(previous_app.NAME_CASH_LOAN_PURPOSE)_Purchase of electronic equipment,0.8
1133,MODE(previous_app.NAME_CASH_LOAN_PURPOSE)_Repairs,0.6000000000000001
1134,MODE(previous_app.NAME_CASH_LOAN_PURPOSE)_Urgent needs,0.0
1135,MODE(previous_app.NAME_CASH_LOAN_PURPOSE)_Wedding / gift / holiday,0.0
1136,MODE(previous_app.NAME_CASH_LOAN_PURPOSE)_XAP,0.0
1137,MODE(previous_app.NAME_CASH_LOAN_PURPOSE)_XNA,0.6000000000000001
1138,MODE(previous_app.NAME_YIELD_GROUP)_XNA,1.2
1139,MODE(previous_app.NAME_YIELD_GROUP)_high,10.8
1140,MODE(previous_app.NAME_YIELD_GROUP)_low_action,11.8
1141,MODE(previous_app.NAME_YIELD_GROUP)_low_normal,8.0
1142,MODE(previous_app.NAME_YIELD_GROUP)_middle,2.0
1143,MODE(previous_app.MODE(cash.NAME_CONTRACT_STATUS))_Active,0.0
1144,MODE(previous_app.MODE(cash.NAME_CONTRACT_STATUS))_Completed,0.0
1145,MODE(previous_app.MODE(cash.NAME_CONTRACT_STATUS))_Demand,0.0
1146,MODE(previous_app.MODE(cash.NAME_CONTRACT_STATUS))_Returned to the store,0.0
1147,MODE(previous_app.MODE(cash.NAME_CONTRACT_STATUS))_Signed,0.0
1148,MODE(bureau.MODE(bureau_balance.STATUS))_0,0.2
1149,MODE(bureau.MODE(bureau_balance.STATUS))_1,0.0
1150,MODE(bureau.MODE(bureau_balance.STATUS))_5,0.0
1151,MODE(bureau.MODE(bureau_balance.STATUS))_C,2.0
1152,MODE(bureau.MODE(bureau_balance.STATUS))_X,0.6000000000000001
1153,MODE(previous_app.MODE(credit.NAME_CONTRACT_STATUS))_Active,0.0
1154,MODE(previous_app.MODE(credit.NAME_CONTRACT_STATUS))_Completed,0.0
1155,MODE(previous_app.MODE(credit.NAME_CONTRACT_STATUS))_Signed,0.0
